{
	"code": 1,
	"error_msg": "",
	"contribute_matrix": {
		"0": {
			"ID": 1500321,
			"主营业务收入": 0.08325276168927867,
			"主营收入增长率": -0.04670576842678198,
			"主营比重": -0.13222818283062152,
			"亏损年数": -0.16057046687934848,
			"从业人数": -0.02877792163856367,
			"企业类型_农民专业合作社": 0.033644683444381006,
			"企业类型_合伙企业": 0.10114147918934831,
			"企业类型_有限责任公司": 0.13767171561278913,
			"企业类型_股份有限公司": -0.010831369112336418,
			"企业类型_集体所有制企业": 0.15900507831863886,
			"债权融资成本": -0.0031639658189355803,
			"债权融资比例": 0,
			"债权融资趋势": 0.0063033634800513565,
			"债权融资额度": 0.030198133480802802,
			"偿债能力": -0.44357255396163814,
			"内部融资和贸易融资成本": 0.00646355265789401,
			"内部融资和贸易融资比例": 0,
			"内部融资和贸易融资额度": 0.07713115797313684,
			"净利润增长率": 0.019727713896978614,
			"净利润比重": 0.38160242780950565,
			"净收益率": 0.10381300497404733,
			"利息保障倍数": 0.4952892764623062,
			"利润总额": 0.39306203547805785,
			"区域_山东": 0.21199095453900937,
			"区域_广东": -0.044019834692055226,
			"区域_广西": -0.001552100566639782,
			"区域_江西": 0.010529686287892285,
			"区域_湖北": 0.029644472500423274,
			"区域_湖南": 0.0008927920358376952,
			"区域_福建": 0.008514285503925903,
			"员工成长性": 0.08944685592010397,
			"多种吸血方式": 0.002146021992305044,
			"官方补贴比例_总": -0.1742940325507295,
			"常青贷款与否": 0,
			"平均净利润": 0.4960143048913858,
			"总利润增长率": -0.07823206581879229,
			"总营业收入增长率": -0.04698161580061345,
			"总资产增长率": 0.04705973576346543,
			"息税前利润": -0.06511818520489716,
			"成立时长": -0.2461526273924112,
			"所有者权益合计": -0.09526451304775767,
			"所有者权益增长率": 0.1525251124281713,
			"所有者权益比重": -0.12569223925923534,
			"接受政府补贴与否": 0,
			"控制人持股比例": 0.5627787732738414,
			"控制人类型_企业法人": -0.047218072053011345,
			"控制人类型_自然人": -0.009744099160117576,
			"政府补贴依赖程度": 0.13067808954273838,
			"政府补贴趋势": 0.0612822046846964,
			"注册资本": -0.20173648055287774,
			"独立性指标": 0.013916789593551861,
			"科技含量": 0.07626892239470888,
			"纳税增长率": -0.002369414218952362,
			"纳税总额": 0.04398978783438998,
			"纳税比": 0.06167777999159194,
			"股权融资成本": 0.017635226164182782,
			"股权融资比例": -0.0027347416679006083,
			"股权融资趋势": -0.0029265959492031815,
			"股权融资额度": -0.03980456196670772,
			"营业总收入": -0.05136513067568337,
			"融资净额度": -0.6338725601189519,
			"融资成本比例": 0.009041182427638305,
			"融资额占利比": 0.0990981744757416,
			"融资额占资比": 0.16340261236585255,
			"行业_交通运输业": 0.0157787674142644,
			"行业_商业服务业": 0.004475936129280667,
			"行业_工业": 0.01942126320743499,
			"行业_服务业": -0.0014708217843902836,
			"行业_社区服务": 0.008003493095191855,
			"行业_零售业": -0.10101967984940029,
			"负债增长率": 0.06911209247813345,
			"负债总额": 0.16965182721045668,
			"资产周转率": -0.24882745767006395,
			"资产总额": 0.5243523685824233,
			"资产收益率": -0.8264331063583364,
			"资产负债率": -0.006156380393380401,
			"资产集中水平": 0.09069311535231724,
			"还息力": -0.018794966409037345,
			"项目融资和政策融资成本": 0.2039224842158969,
			"项目融资和政策融资比例": 0,
			"项目融资和政策融资额度": -0.19472167108713492
		}
	},
	"featured_data": {
		"0": {
			"company_id": 1500321,
			"year": 2015,
			"主营业务收入": 961363.2,
			"主营收入增长率": 0,
			"主营比重": 0.39999999999999997,
			"亏损年数": 3,
			"从业人数": 228,
			"企业类型": "股份有限公司",
			"债权融资成本": 0,
			"债权融资比例": 0,
			"债权融资趋势": 0,
			"债权融资额度": 0,
			"偿债能力": -480540.43,
			"内部融资和贸易融资成本": 43261.34400000001,
			"内部融资和贸易融资比例": 0.06000000000000001,
			"内部融资和贸易融资额度": 721022.4,
			"净利润": -223965.43,
			"净利润增长率": 0,
			"净利润比重": -0.9318660418871869,
			"净收益率": 1.931866041887187,
			"利息保障倍数": -16.45808671928286,
			"利润总额": 240340.8,
			"区域": "广东",
			"员工成长性": 0,
			"多种吸血方式": 0,
			"官方补贴比例_总": 3.0000000000000004,
			"常青贷款与否": 0,
			"平均净利润": -136170.94333333333,
			"总利润增长率": 0,
			"总营业收入增长率": 0,
			"总资产增长率": 0,
			"息税前利润": -211136.68,
			"成立时长": 14,
			"所有者权益合计": 265905,
			"所有者权益增长率": 0,
			"所有者权益比重": 1.1063664596273293,
			"接受政府补贴与否": 0,
			"控制人持股比例": 0.72,
			"控制人类型": "企业法人",
			"政府补贴": 721022.4,
			"政府补贴依赖程度": -3.219346842948039,
			"政府补贴趋势": 0,
			"注册资本": 9330,
			"独立性指标": 0.5089285714285714,
			"科技含量": 0,
			"纳税增长率": 0,
			"纳税总额": 0,
			"纳税比": 0,
			"股权融资成本": 0,
			"股权融资比例": 0,
			"股权融资趋势": 0,
			"股权融资额度": 0,
			"营业总收入": 2403408,
			"融资净额度": 677761.056,
			"融资成本": 43261.34400000001,
			"融资成本比例": 0.06000000000000001,
			"融资额占利比": 2.8200000000000003,
			"融资额占资比": 1.2972,
			"融资额度": 721022.4,
			"行业": "商业服务业",
			"负债增长率": 0,
			"负债总额": 256575,
			"资产周转率": 1.8399999999999999,
			"资产总额": 522480,
			"资产收益率": -0.42865837926810596,
			"资产负债率": 0.49107142857142855,
			"资产集中水平": 2291.5789473684213,
			"还息力": 1.0572800454070077,
			"项目融资和政策融资成本": 0,
			"项目融资和政策融资比例": 0,
			"项目融资和政策融资额度": 0
		},
		"1": {
			"company_id": 1500321,
			"year": 2016,
			"主营业务收入": 265905,
			"主营收入增长率": -0.7234083850931677,
			"主营比重": 0.5,
			"亏损年数": 3,
			"从业人数": 116,
			"企业类型": "股份有限公司",
			"债权融资成本": 0,
			"债权融资比例": 0,
			"债权融资趋势": 0,
			"债权融资额度": 0,
			"偿债能力": -118491,
			"内部融资和贸易融资成本": 0,
			"内部融资和贸易融资比例": 0,
			"内部融资和贸易融资额度": 0,
			"净利润": -53181,
			"净利润增长率": -0.7625481754036773,
			"净利润比重": -1,
			"净收益率": 2,
			"利息保障倍数": -15.285714285714286,
			"利润总额": 53181,
			"区域": "广东",
			"员工成长性": -0.49122807017543857,
			"多种吸血方式": 0,
			"官方补贴比例_总": 0.13157894736842105,
			"常青贷款与否": 0,
			"平均净利润": -136170.94333333333,
			"总利润增长率": -0.7787267080745341,
			"总营业收入增长率": -0.7787267080745341,
			"总资产增长率": -0.7321428571428571,
			"息税前利润": -49915.5,
			"成立时长": 15,
			"所有者权益合计": 74640,
			"所有者权益增长率": -0.7192982456140351,
			"所有者权益比重": 1.4035087719298245,
			"接受政府补贴与否": 0,
			"控制人持股比例": 0.72,
			"控制人类型": "企业法人",
			"政府补贴": 6997.5,
			"政府补贴依赖程度": -0.13157894736842105,
			"政府补贴趋势": -0.9902950310559007,
			"注册资本": 9330,
			"独立性指标": 0.5333333333333333,
			"科技含量": 0,
			"纳税增长率": 0,
			"纳税总额": 0,
			"纳税比": 0,
			"股权融资成本": 0,
			"股权融资比例": 0,
			"股权融资趋势": 0,
			"股权融资额度": 0,
			"营业总收入": 531810,
			"融资净额度": 6577.65,
			"融资成本": 419.85,
			"融资成本比例": 0.060000000000000005,
			"融资额占利比": 0.12368421052631579,
			"融资额占资比": 0.047,
			"融资额度": 6997.5,
			"行业": "商业服务业",
			"负债增长率": -0.7454545454545455,
			"负债总额": 65310,
			"资产周转率": 1.9,
			"资产总额": 139950,
			"资产收益率": -0.38,
			"资产负债率": 0.4666666666666667,
			"资产集中水平": 1206.4655172413793,
			"还息力": 1.0614035087719298,
			"项目融资和政策融资成本": 419.85,
			"项目融资和政策融资比例": 0.060000000000000005,
			"项目融资和政策融资额度": 6997.5
		},
		"2": {
			"company_id": 1500321,
			"year": 2017,
			"主营业务收入": 788198.4,
			"主营收入增长率": 1.9642105263157896,
			"主营比重": 0.6,
			"亏损年数": 3,
			"从业人数": 942,
			"企业类型": "股份有限公司",
			"债权融资成本": 0,
			"债权融资比例": 0,
			"债权融资趋势": 0,
			"债权融资额度": 0,
			"偿债能力": -709826.4,
			"内部融资和贸易融资成本": 23645.952,
			"内部融资和贸易融资比例": 0.06,
			"内部融资和贸易融资额度": 394099.2,
			"净利润": -131366.4,
			"净利润增长率": 1.4701754385964911,
			"净利润比重": -0.3333333333333333,
			"净收益率": 1.3333333333333333,
			"利息保障倍数": -3.5419354838709673,
			"利润总额": 394099.2,
			"区域": "广东",
			"员工成长性": 7.120689655172414,
			"多种吸血方式": 2,
			"官方补贴比例_总": 1,
			"常青贷款与否": 1,
			"平均净利润": -136170.94333333333,
			"总利润增长率": 6.410526315789474,
			"总营业收入增长率": 1.4701754385964911,
			"总资产增长率": 1.1333333333333333,
			"息税前利润": -102443.4,
			"成立时长": 16,
			"所有者权益合计": -279900,
			"所有者权益增长率": -4.75,
			"所有者权益比重": -0.7102272727272727,
			"接受政府补贴与否": 1,
			"控制人持股比例": 0.72,
			"控制人类型": "企业法人",
			"政府补贴": 394099.2,
			"政府补贴依赖程度": -3,
			"政府补贴趋势": 55.32,
			"注册资本": 9330,
			"独立性指标": -0.9375,
			"科技含量": 0,
			"纳税增长率": 0,
			"纳税总额": 0,
			"纳税比": 0,
			"股权融资成本": 0,
			"股权融资比例": 0,
			"股权融资趋势": 0,
			"股权融资额度": 0,
			"营业总收入": 1313664,
			"融资净额度": 370453.248,
			"融资成本": 23645.952,
			"融资成本比例": 0.06,
			"融资额占利比": 0.9400000000000001,
			"融资额占资比": 1.2408000000000001,
			"融资额度": 394099.2,
			"行业": "商业服务业",
			"负债增长率": 7.857142857142857,
			"负债总额": 578460,
			"资产周转率": 2.64,
			"资产总额": 298560,
			"资产收益率": -0.44,
			"资产负债率": 1.9375,
			"资产集中水平": 316.94267515923565,
			"还息力": 1.2201704545454546,
			"项目融资和政策融资成本": 0,
			"项目融资和政策融资比例": 0,
			"项目融资和政策融资额度": 0
		}
	},